Nome da imagem;Fundo;Iluminacao;Classe1;Classe2;Classe3;Classe4;Classe5;Classe6;Classe7;Classe8;Classe9;Classe10;Objeto1;Objeto2;Objeto3;Objeto4;Objeto5;Objeto6;Objeto7;Objeto8;Objeto9;Objeto10;gray_image;contrast_image;log_image;exp_image;laplacian_image;mean_image
IMG_5014;Preto;Iluminacao1;caneta;caderno;garfo;creme;esmalte;capinha;maquiagem;pilha;tinta;carregador;caneta1;caderno1;garfo1;creme1;esmalte1;capinha1;maquiagem1;pilha1;tinta1;carregador1;originalGrayDataset\IMG_5014_gray.png;augmentedDataset\contrast_stretching\IMG_5014_contrast.png;augmentedDataset\log\IMG_5014_log.png;augmentedDataset\exp\IMG_5014_exp.png;augmentedDataset\laplacian\IMG_5014_laplacian.png;augmentedDataset\mean\IMG_5014_mean.png
IMG_5015;Preto;Iluminacao1;caneta;caderno;garfo;creme;esmalte;capinha;maquiagem;pilha;tinta;carregador;caneta1;caderno1;garfo1;creme1;esmalte1;capinha1;maquiagem1;pilha1;tinta1;carregador1;originalGrayDataset\IMG_5015_gray.png;augmentedDataset\contrast_stretching\IMG_5015_contrast.png;augmentedDataset\log\IMG_5015_log.png;augmentedDataset\exp\IMG_5015_exp.png;augmentedDataset\laplacian\IMG_5015_laplacian.png;augmentedDataset\mean\IMG_5015_mean.png
IMG_5017;Preto;Iluminacao2;caneta;caderno;garfo;creme;esmalte;capinha;maquiagem;pilha;tinta;carregador;caneta1;caderno1;garfo1;creme1;esmalte1;capinha1;maquiagem1;pilha1;tinta1;carregador1;originalGrayDataset\IMG_5017_gray.png;augmentedDataset\contrast_stretching\IMG_5017_contrast.png;augmentedDataset\log\IMG_5017_log.png;augmentedDataset\exp\IMG_5017_exp.png;augmentedDataset\laplacian\IMG_5017_laplacian.png;augmentedDataset\mean\IMG_5017_mean.png
IMG_5019;Preto;Iluminacao2;caneta;caderno;garfo;creme;esmalte;capinha;maquiagem;pilha;tinta;carregador;caneta1;caderno1;garfo1;creme1;esmalte1;capinha1;maquiagem1;pilha1;tinta1;carregador1;originalGrayDataset\IMG_5019_gray.png;augmentedDataset\contrast_stretching\IMG_5019_contrast.png;augmentedDataset\log\IMG_5019_log.png;augmentedDataset\exp\IMG_5019_exp.png;augmentedDataset\laplacian\IMG_5019_laplacian.png;augmentedDataset\mean\IMG_5019_mean.png
IMG_5020;Preto;Iluminacao2;caneta;caderno;garfo;creme;esmalte;capinha;maquiagem;pilha;tinta;carregador;caneta1;caderno1;garfo1;creme1;esmalte1;capinha1;maquiagem1;pilha1;tinta1;carregador1;originalGrayDataset\IMG_5020_gray.png;augmentedDataset\contrast_stretching\IMG_5020_contrast.png;augmentedDataset\log\IMG_5020_log.png;augmentedDataset\exp\IMG_5020_exp.png;augmentedDataset\laplacian\IMG_5020_laplacian.png;augmentedDataset\mean\IMG_5020_mean.png
IMG_5021;Preto;Iluminacao3;caneta;caderno;garfo;creme;esmalte;capinha;maquiagem;pilha;tinta;carregador;caneta1;caderno1;garfo1;creme1;esmalte1;capinha1;maquiagem1;pilha1;tinta1;carregador1;originalGrayDataset\IMG_5021_gray.png;augmentedDataset\contrast_stretching\IMG_5021_contrast.png;augmentedDataset\log\IMG_5021_log.png;augmentedDataset\exp\IMG_5021_exp.png;augmentedDataset\laplacian\IMG_5021_laplacian.png;augmentedDataset\mean\IMG_5021_mean.png
IMG_5022;Preto;Iluminacao3;caneta;caderno;garfo;creme;esmalte;capinha;maquiagem;pilha;tinta;carregador;caneta1;caderno1;garfo1;creme1;esmalte1;capinha1;maquiagem1;pilha1;tinta1;carregador1;originalGrayDataset\IMG_5022_gray.png;augmentedDataset\contrast_stretching\IMG_5022_contrast.png;augmentedDataset\log\IMG_5022_log.png;augmentedDataset\exp\IMG_5022_exp.png;augmentedDataset\laplacian\IMG_5022_laplacian.png;augmentedDataset\mean\IMG_5022_mean.png
IMG_5023;Preto;Iluminacao3;caneta;caderno;garfo;creme;esmalte;capinha;maquiagem;pilha;tinta;carregador;caneta1;caderno1;garfo1;creme1;esmalte1;capinha1;maquiagem1;pilha1;tinta1;carregador1;originalGrayDataset\IMG_5023_gray.png;augmentedDataset\contrast_stretching\IMG_5023_contrast.png;augmentedDataset\log\IMG_5023_log.png;augmentedDataset\exp\IMG_5023_exp.png;augmentedDataset\laplacian\IMG_5023_laplacian.png;augmentedDataset\mean\IMG_5023_mean.png
IMG_5024;Preto;Iluminacao4;caneta;caderno;garfo;creme;esmalte;capinha;maquiagem;pilha;tinta;carregador;caneta1;caderno1;garfo1;creme1;esmalte1;capinha1;maquiagem1;pilha1;tinta1;carregador1;originalGrayDataset\IMG_5024_gray.png;augmentedDataset\contrast_stretching\IMG_5024_contrast.png;augmentedDataset\log\IMG_5024_log.png;augmentedDataset\exp\IMG_5024_exp.png;augmentedDataset\laplacian\IMG_5024_laplacian.png;augmentedDataset\mean\IMG_5024_mean.png
IMG_5025;Preto;Iluminacao4;caneta;caderno;garfo;creme;esmalte;capinha;maquiagem;pilha;tinta;carregador;caneta1;caderno1;garfo1;creme1;esmalte1;capinha1;maquiagem1;pilha1;tinta1;carregador1;originalGrayDataset\IMG_5025_gray.png;augmentedDataset\contrast_stretching\IMG_5025_contrast.png;augmentedDataset\log\IMG_5025_log.png;augmentedDataset\exp\IMG_5025_exp.png;augmentedDataset\laplacian\IMG_5025_laplacian.png;augmentedDataset\mean\IMG_5025_mean.png
IMG_5026;Preto;Iluminacao4;caneta;caderno;garfo;creme;esmalte;capinha;maquiagem;pilha;tinta;carregador;caneta1;caderno1;garfo1;creme1;esmalte1;capinha1;maquiagem1;pilha1;tinta1;carregador1;originalGrayDataset\IMG_5026_gray.png;augmentedDataset\contrast_stretching\IMG_5026_contrast.png;augmentedDataset\log\IMG_5026_log.png;augmentedDataset\exp\IMG_5026_exp.png;augmentedDataset\laplacian\IMG_5026_laplacian.png;augmentedDataset\mean\IMG_5026_mean.png
IMG_5027;Colorido;Iluminacao2;caneta;caderno;garfo;creme;esmalte;capinha;maquiagem;pilha;tinta;carregador;caneta1;caderno1;garfo1;creme1;esmalte1;capinha1;maquiagem1;pilha1;tinta1;carregador1;originalGrayDataset\IMG_5027_gray.png;augmentedDataset\contrast_stretching\IMG_5027_contrast.png;augmentedDataset\log\IMG_5027_log.png;augmentedDataset\exp\IMG_5027_exp.png;augmentedDataset\laplacian\IMG_5027_laplacian.png;augmentedDataset\mean\IMG_5027_mean.png
IMG_5028;Colorido;Iluminacao2;caneta;caderno;garfo;creme;esmalte;capinha;maquiagem;pilha;tinta;carregador;caneta1;caderno1;garfo1;creme1;esmalte1;capinha1;maquiagem1;pilha1;tinta1;carregador1;originalGrayDataset\IMG_5028_gray.png;augmentedDataset\contrast_stretching\IMG_5028_contrast.png;augmentedDataset\log\IMG_5028_log.png;augmentedDataset\exp\IMG_5028_exp.png;augmentedDataset\laplacian\IMG_5028_laplacian.png;augmentedDataset\mean\IMG_5028_mean.png
IMG_5029;Colorido;Iluminacao2;caneta;caderno;garfo;creme;esmalte;capinha;maquiagem;pilha;tinta;carregador;caneta1;caderno1;garfo1;creme1;esmalte1;capinha1;maquiagem1;pilha1;tinta1;carregador1;originalGrayDataset\IMG_5029_gray.png;augmentedDataset\contrast_stretching\IMG_5029_contrast.png;augmentedDataset\log\IMG_5029_log.png;augmentedDataset\exp\IMG_5029_exp.png;augmentedDataset\laplacian\IMG_5029_laplacian.png;augmentedDataset\mean\IMG_5029_mean.png
IMG_5030;Colorido;Iluminacao1;caneta;caderno;garfo;creme;esmalte;capinha;maquiagem;pilha;tinta;carregador;caneta1;caderno1;garfo1;creme1;esmalte1;capinha1;maquiagem1;pilha1;tinta1;carregador1;originalGrayDataset\IMG_5030_gray.png;augmentedDataset\contrast_stretching\IMG_5030_contrast.png;augmentedDataset\log\IMG_5030_log.png;augmentedDataset\exp\IMG_5030_exp.png;augmentedDataset\laplacian\IMG_5030_laplacian.png;augmentedDataset\mean\IMG_5030_mean.png
IMG_5031;Colorido;Iluminacao1;caneta;caderno;garfo;creme;esmalte;capinha;maquiagem;pilha;tinta;carregador;caneta1;caderno1;garfo1;creme1;esmalte1;capinha1;maquiagem1;pilha1;tinta1;carregador1;originalGrayDataset\IMG_5031_gray.png;augmentedDataset\contrast_stretching\IMG_5031_contrast.png;augmentedDataset\log\IMG_5031_log.png;augmentedDataset\exp\IMG_5031_exp.png;augmentedDataset\laplacian\IMG_5031_laplacian.png;augmentedDataset\mean\IMG_5031_mean.png
IMG_5032;Colorido;Iluminacao1;caneta;caderno;garfo;creme;esmalte;capinha;maquiagem;pilha;tinta;carregador;caneta1;caderno1;garfo1;creme1;esmalte1;capinha1;maquiagem1;pilha1;tinta1;carregador1;originalGrayDataset\IMG_5032_gray.png;augmentedDataset\contrast_stretching\IMG_5032_contrast.png;augmentedDataset\log\IMG_5032_log.png;augmentedDataset\exp\IMG_5032_exp.png;augmentedDataset\laplacian\IMG_5032_laplacian.png;augmentedDataset\mean\IMG_5032_mean.png
IMG_5033;Colorido;Iluminacao3;caneta;caderno;garfo;creme;esmalte;capinha;maquiagem;pilha;tinta;carregador;caneta1;caderno1;garfo1;creme1;esmalte1;capinha1;maquiagem1;pilha1;tinta1;carregador1;originalGrayDataset\IMG_5033_gray.png;augmentedDataset\contrast_stretching\IMG_5033_contrast.png;augmentedDataset\log\IMG_5033_log.png;augmentedDataset\exp\IMG_5033_exp.png;augmentedDataset\laplacian\IMG_5033_laplacian.png;augmentedDataset\mean\IMG_5033_mean.png
IMG_5034;Colorido;Iluminacao3;caneta;caderno;garfo;creme;esmalte;capinha;maquiagem;pilha;tinta;carregador;caneta1;caderno1;garfo1;creme1;esmalte1;capinha1;maquiagem1;pilha1;tinta1;carregador1;originalGrayDataset\IMG_5034_gray.png;augmentedDataset\contrast_stretching\IMG_5034_contrast.png;augmentedDataset\log\IMG_5034_log.png;augmentedDataset\exp\IMG_5034_exp.png;augmentedDataset\laplacian\IMG_5034_laplacian.png;augmentedDataset\mean\IMG_5034_mean.png
IMG_5035;Colorido;Iluminacao3;caneta;caderno;garfo;creme;esmalte;capinha;maquiagem;pilha;tinta;carregador;caneta1;caderno1;garfo1;creme1;esmalte1;capinha1;maquiagem1;pilha1;tinta1;carregador1;originalGrayDataset\IMG_5035_gray.png;augmentedDataset\contrast_stretching\IMG_5035_contrast.png;augmentedDataset\log\IMG_5035_log.png;augmentedDataset\exp\IMG_5035_exp.png;augmentedDataset\laplacian\IMG_5035_laplacian.png;augmentedDataset\mean\IMG_5035_mean.png
IMG_5036;Colorido;Iluminacao4;caneta;caderno;garfo;creme;esmalte;capinha;maquiagem;pilha;tinta;carregador;caneta1;caderno1;garfo1;creme1;esmalte1;capinha1;maquiagem1;pilha1;tinta1;carregador1;originalGrayDataset\IMG_5036_gray.png;augmentedDataset\contrast_stretching\IMG_5036_contrast.png;augmentedDataset\log\IMG_5036_log.png;augmentedDataset\exp\IMG_5036_exp.png;augmentedDataset\laplacian\IMG_5036_laplacian.png;augmentedDataset\mean\IMG_5036_mean.png
IMG_5037;Colorido;Iluminacao4;caneta;caderno;garfo;creme;esmalte;capinha;maquiagem;pilha;tinta;carregador;caneta1;caderno1;garfo1;creme1;esmalte1;capinha1;maquiagem1;pilha1;tinta1;carregador1;originalGrayDataset\IMG_5037_gray.png;augmentedDataset\contrast_stretching\IMG_5037_contrast.png;augmentedDataset\log\IMG_5037_log.png;augmentedDataset\exp\IMG_5037_exp.png;augmentedDataset\laplacian\IMG_5037_laplacian.png;augmentedDataset\mean\IMG_5037_mean.png
IMG_5038;Colorido;Iluminacao4;caneta;caderno;garfo;creme;esmalte;capinha;maquiagem;pilha;tinta;carregador;caneta1;caderno1;garfo1;creme1;esmalte1;capinha1;maquiagem1;pilha1;tinta1;carregador1;originalGrayDataset\IMG_5038_gray.png;augmentedDataset\contrast_stretching\IMG_5038_contrast.png;augmentedDataset\log\IMG_5038_log.png;augmentedDataset\exp\IMG_5038_exp.png;augmentedDataset\laplacian\IMG_5038_laplacian.png;augmentedDataset\mean\IMG_5038_mean.png
IMG_5039;Branco;Iluminacao2;caneta;caderno;garfo;creme;esmalte;capinha;maquiagem;pilha;tinta;carregador;caneta1;caderno1;garfo1;creme1;esmalte1;capinha1;maquiagem1;pilha1;tinta1;carregador1;originalGrayDataset\IMG_5039_gray.png;augmentedDataset\contrast_stretching\IMG_5039_contrast.png;augmentedDataset\log\IMG_5039_log.png;augmentedDataset\exp\IMG_5039_exp.png;augmentedDataset\laplacian\IMG_5039_laplacian.png;augmentedDataset\mean\IMG_5039_mean.png
IMG_5040;Branco;Iluminacao2;caneta;caderno;garfo;creme;esmalte;capinha;maquiagem;pilha;tinta;carregador;caneta1;caderno1;garfo1;creme1;esmalte1;capinha1;maquiagem1;pilha1;tinta1;carregador1;originalGrayDataset\IMG_5040_gray.png;augmentedDataset\contrast_stretching\IMG_5040_contrast.png;augmentedDataset\log\IMG_5040_log.png;augmentedDataset\exp\IMG_5040_exp.png;augmentedDataset\laplacian\IMG_5040_laplacian.png;augmentedDataset\mean\IMG_5040_mean.png
IMG_5041;Branco;Iluminacao2;caneta;caderno;garfo;creme;esmalte;capinha;maquiagem;pilha;tinta;carregador;caneta1;caderno1;garfo1;creme1;esmalte1;capinha1;maquiagem1;pilha1;tinta1;carregador1;originalGrayDataset\IMG_5041_gray.png;augmentedDataset\contrast_stretching\IMG_5041_contrast.png;augmentedDataset\log\IMG_5041_log.png;augmentedDataset\exp\IMG_5041_exp.png;augmentedDataset\laplacian\IMG_5041_laplacian.png;augmentedDataset\mean\IMG_5041_mean.png
IMG_5042;Branco;Iluminacao1;caneta;caderno;garfo;creme;esmalte;capinha;maquiagem;pilha;tinta;carregador;caneta1;caderno1;garfo1;creme1;esmalte1;capinha1;maquiagem1;pilha1;tinta1;carregador1;originalGrayDataset\IMG_5042_gray.png;augmentedDataset\contrast_stretching\IMG_5042_contrast.png;augmentedDataset\log\IMG_5042_log.png;augmentedDataset\exp\IMG_5042_exp.png;augmentedDataset\laplacian\IMG_5042_laplacian.png;augmentedDataset\mean\IMG_5042_mean.png
IMG_5043;Branco;Iluminacao1;caneta;caderno;garfo;creme;esmalte;capinha;maquiagem;pilha;tinta;carregador;caneta1;caderno1;garfo1;creme1;esmalte1;capinha1;maquiagem1;pilha1;tinta1;carregador1;originalGrayDataset\IMG_5043_gray.png;augmentedDataset\contrast_stretching\IMG_5043_contrast.png;augmentedDataset\log\IMG_5043_log.png;augmentedDataset\exp\IMG_5043_exp.png;augmentedDataset\laplacian\IMG_5043_laplacian.png;augmentedDataset\mean\IMG_5043_mean.png
IMG_5044;Branco;Iluminacao1;caneta;caderno;garfo;creme;esmalte;capinha;maquiagem;pilha;tinta;carregador;caneta1;caderno1;garfo1;creme1;esmalte1;capinha1;maquiagem1;pilha1;tinta1;carregador1;originalGrayDataset\IMG_5044_gray.png;augmentedDataset\contrast_stretching\IMG_5044_contrast.png;augmentedDataset\log\IMG_5044_log.png;augmentedDataset\exp\IMG_5044_exp.png;augmentedDataset\laplacian\IMG_5044_laplacian.png;augmentedDataset\mean\IMG_5044_mean.png
IMG_5045;Branco;Iluminacao3;caneta;caderno;garfo;creme;esmalte;capinha;maquiagem;pilha;tinta;carregador;caneta1;caderno1;garfo1;creme1;esmalte1;capinha1;maquiagem1;pilha1;tinta1;carregador1;originalGrayDataset\IMG_5045_gray.png;augmentedDataset\contrast_stretching\IMG_5045_contrast.png;augmentedDataset\log\IMG_5045_log.png;augmentedDataset\exp\IMG_5045_exp.png;augmentedDataset\laplacian\IMG_5045_laplacian.png;augmentedDataset\mean\IMG_5045_mean.png
IMG_5046;Branco;Iluminacao3;caneta;caderno;garfo;creme;esmalte;capinha;maquiagem;pilha;tinta;carregador;caneta1;caderno1;garfo1;creme1;esmalte1;capinha1;maquiagem1;pilha1;tinta1;carregador1;originalGrayDataset\IMG_5046_gray.png;augmentedDataset\contrast_stretching\IMG_5046_contrast.png;augmentedDataset\log\IMG_5046_log.png;augmentedDataset\exp\IMG_5046_exp.png;augmentedDataset\laplacian\IMG_5046_laplacian.png;augmentedDataset\mean\IMG_5046_mean.png
IMG_5047;Branco;Iluminacao3;caneta;caderno;garfo;creme;esmalte;capinha;maquiagem;pilha;tinta;carregador;caneta1;caderno1;garfo1;creme1;esmalte1;capinha1;maquiagem1;pilha1;tinta1;carregador1;originalGrayDataset\IMG_5047_gray.png;augmentedDataset\contrast_stretching\IMG_5047_contrast.png;augmentedDataset\log\IMG_5047_log.png;augmentedDataset\exp\IMG_5047_exp.png;augmentedDataset\laplacian\IMG_5047_laplacian.png;augmentedDataset\mean\IMG_5047_mean.png
IMG_5048;Branco;Iluminacao4;caneta;caderno;garfo;creme;esmalte;capinha;maquiagem;pilha;tinta;carregador;caneta1;caderno1;garfo1;creme1;esmalte1;capinha1;maquiagem1;pilha1;tinta1;carregador1;originalGrayDataset\IMG_5048_gray.png;augmentedDataset\contrast_stretching\IMG_5048_contrast.png;augmentedDataset\log\IMG_5048_log.png;augmentedDataset\exp\IMG_5048_exp.png;augmentedDataset\laplacian\IMG_5048_laplacian.png;augmentedDataset\mean\IMG_5048_mean.png
IMG_5049;Branco;Iluminacao4;caneta;caderno;garfo;creme;esmalte;capinha;maquiagem;pilha;tinta;carregador;caneta1;caderno1;garfo1;creme1;esmalte1;capinha1;maquiagem1;pilha1;tinta1;carregador1;originalGrayDataset\IMG_5049_gray.png;augmentedDataset\contrast_stretching\IMG_5049_contrast.png;augmentedDataset\log\IMG_5049_log.png;augmentedDataset\exp\IMG_5049_exp.png;augmentedDataset\laplacian\IMG_5049_laplacian.png;augmentedDataset\mean\IMG_5049_mean.png
IMG_5050;Branco;Iluminacao4;caneta;caderno;garfo;creme;esmalte;capinha;maquiagem;pilha;tinta;carregador;caneta1;caderno1;garfo1;creme1;esmalte1;capinha1;maquiagem1;pilha1;tinta1;carregador1;originalGrayDataset\IMG_5050_gray.png;augmentedDataset\contrast_stretching\IMG_5050_contrast.png;augmentedDataset\log\IMG_5050_log.png;augmentedDataset\exp\IMG_5050_exp.png;augmentedDataset\laplacian\IMG_5050_laplacian.png;augmentedDataset\mean\IMG_5050_mean.png
IMG_5051;Branco;Iluminacao2;caneta;caderno;garfo;creme;esmalte;capinha;maquiagem;pilha;tinta;carregador;caneta2;caderno2;garfo2;creme2;esmalte2;capinha2;maquiagem2;pilha2;tinta2;carregador2;originalGrayDataset\IMG_5051_gray.png;augmentedDataset\contrast_stretching\IMG_5051_contrast.png;augmentedDataset\log\IMG_5051_log.png;augmentedDataset\exp\IMG_5051_exp.png;augmentedDataset\laplacian\IMG_5051_laplacian.png;augmentedDataset\mean\IMG_5051_mean.png
IMG_5052;Branco;Iluminacao2;caneta;caderno;garfo;creme;esmalte;capinha;maquiagem;pilha;tinta;carregador;caneta2;caderno2;garfo2;creme2;esmalte2;capinha2;maquiagem2;pilha2;tinta2;carregador2;originalGrayDataset\IMG_5052_gray.png;augmentedDataset\contrast_stretching\IMG_5052_contrast.png;augmentedDataset\log\IMG_5052_log.png;augmentedDataset\exp\IMG_5052_exp.png;augmentedDataset\laplacian\IMG_5052_laplacian.png;augmentedDataset\mean\IMG_5052_mean.png
IMG_5053;Branco;Iluminacao2;caneta;caderno;garfo;creme;esmalte;capinha;maquiagem;pilha;tinta;carregador;caneta2;caderno2;garfo2;creme2;esmalte2;capinha2;maquiagem2;pilha2;tinta2;carregador2;originalGrayDataset\IMG_5053_gray.png;augmentedDataset\contrast_stretching\IMG_5053_contrast.png;augmentedDataset\log\IMG_5053_log.png;augmentedDataset\exp\IMG_5053_exp.png;augmentedDataset\laplacian\IMG_5053_laplacian.png;augmentedDataset\mean\IMG_5053_mean.png
IMG_5054;Branco;Iluminacao1;caneta;caderno;garfo;creme;esmalte;capinha;maquiagem;pilha;tinta;carregador;caneta2;caderno2;garfo2;creme2;esmalte2;capinha2;maquiagem2;pilha2;tinta2;carregador2;originalGrayDataset\IMG_5054_gray.png;augmentedDataset\contrast_stretching\IMG_5054_contrast.png;augmentedDataset\log\IMG_5054_log.png;augmentedDataset\exp\IMG_5054_exp.png;augmentedDataset\laplacian\IMG_5054_laplacian.png;augmentedDataset\mean\IMG_5054_mean.png
IMG_5055;Branco;Iluminacao1;caneta;caderno;garfo;creme;esmalte;capinha;maquiagem;pilha;tinta;carregador;caneta2;caderno2;garfo2;creme2;esmalte2;capinha2;maquiagem2;pilha2;tinta2;carregador2;originalGrayDataset\IMG_5055_gray.png;augmentedDataset\contrast_stretching\IMG_5055_contrast.png;augmentedDataset\log\IMG_5055_log.png;augmentedDataset\exp\IMG_5055_exp.png;augmentedDataset\laplacian\IMG_5055_laplacian.png;augmentedDataset\mean\IMG_5055_mean.png
IMG_5056;Branco;Iluminacao1;caneta;caderno;garfo;creme;esmalte;capinha;maquiagem;pilha;tinta;carregador;caneta2;caderno2;garfo2;creme2;esmalte2;capinha2;maquiagem2;pilha2;tinta2;carregador2;originalGrayDataset\IMG_5056_gray.png;augmentedDataset\contrast_stretching\IMG_5056_contrast.png;augmentedDataset\log\IMG_5056_log.png;augmentedDataset\exp\IMG_5056_exp.png;augmentedDataset\laplacian\IMG_5056_laplacian.png;augmentedDataset\mean\IMG_5056_mean.png
IMG_5057;Branco;Iluminacao3;caneta;caderno;garfo;creme;esmalte;capinha;maquiagem;pilha;tinta;carregador;caneta2;caderno2;garfo2;creme2;esmalte2;capinha2;maquiagem2;pilha2;tinta2;carregador2;originalGrayDataset\IMG_5057_gray.png;augmentedDataset\contrast_stretching\IMG_5057_contrast.png;augmentedDataset\log\IMG_5057_log.png;augmentedDataset\exp\IMG_5057_exp.png;augmentedDataset\laplacian\IMG_5057_laplacian.png;augmentedDataset\mean\IMG_5057_mean.png
IMG_5058;Branco;Iluminacao3;caneta;caderno;garfo;creme;esmalte;capinha;maquiagem;pilha;tinta;carregador;caneta2;caderno2;garfo2;creme2;esmalte2;capinha2;maquiagem2;pilha2;tinta2;carregador2;originalGrayDataset\IMG_5058_gray.png;augmentedDataset\contrast_stretching\IMG_5058_contrast.png;augmentedDataset\log\IMG_5058_log.png;augmentedDataset\exp\IMG_5058_exp.png;augmentedDataset\laplacian\IMG_5058_laplacian.png;augmentedDataset\mean\IMG_5058_mean.png
IMG_5059;Branco;Iluminacao3;caneta;caderno;garfo;creme;esmalte;capinha;maquiagem;pilha;tinta;carregador;caneta2;caderno2;garfo2;creme2;esmalte2;capinha2;maquiagem2;pilha2;tinta2;carregador2;originalGrayDataset\IMG_5059_gray.png;augmentedDataset\contrast_stretching\IMG_5059_contrast.png;augmentedDataset\log\IMG_5059_log.png;augmentedDataset\exp\IMG_5059_exp.png;augmentedDataset\laplacian\IMG_5059_laplacian.png;augmentedDataset\mean\IMG_5059_mean.png
IMG_5060;Branco;Iluminacao4;caneta;caderno;garfo;creme;esmalte;capinha;maquiagem;pilha;tinta;carregador;caneta2;caderno2;garfo2;creme2;esmalte2;capinha2;maquiagem2;pilha2;tinta2;carregador2;originalGrayDataset\IMG_5060_gray.png;augmentedDataset\contrast_stretching\IMG_5060_contrast.png;augmentedDataset\log\IMG_5060_log.png;augmentedDataset\exp\IMG_5060_exp.png;augmentedDataset\laplacian\IMG_5060_laplacian.png;augmentedDataset\mean\IMG_5060_mean.png
IMG_5061;Branco;Iluminacao4;caneta;caderno;garfo;creme;esmalte;capinha;maquiagem;pilha;tinta;carregador;caneta2;caderno2;garfo2;creme2;esmalte2;capinha2;maquiagem2;pilha2;tinta2;carregador2;originalGrayDataset\IMG_5061_gray.png;augmentedDataset\contrast_stretching\IMG_5061_contrast.png;augmentedDataset\log\IMG_5061_log.png;augmentedDataset\exp\IMG_5061_exp.png;augmentedDataset\laplacian\IMG_5061_laplacian.png;augmentedDataset\mean\IMG_5061_mean.png
IMG_5062;Branco;Iluminacao4;caneta;caderno;garfo;creme;esmalte;capinha;maquiagem;pilha;tinta;carregador;caneta2;caderno2;garfo2;creme2;esmalte2;capinha2;maquiagem2;pilha2;tinta2;carregador2;originalGrayDataset\IMG_5062_gray.png;augmentedDataset\contrast_stretching\IMG_5062_contrast.png;augmentedDataset\log\IMG_5062_log.png;augmentedDataset\exp\IMG_5062_exp.png;augmentedDataset\laplacian\IMG_5062_laplacian.png;augmentedDataset\mean\IMG_5062_mean.png
IMG_5063;Preto;Iluminacao2;caneta;caderno;garfo;creme;esmalte;capinha;maquiagem;pilha;tinta;carregador;caneta2;caderno2;garfo2;creme2;esmalte2;capinha2;maquiagem2;pilha2;tinta2;carregador2;originalGrayDataset\IMG_5063_gray.png;augmentedDataset\contrast_stretching\IMG_5063_contrast.png;augmentedDataset\log\IMG_5063_log.png;augmentedDataset\exp\IMG_5063_exp.png;augmentedDataset\laplacian\IMG_5063_laplacian.png;augmentedDataset\mean\IMG_5063_mean.png
IMG_5064;Preto;Iluminacao2;caneta;caderno;garfo;creme;esmalte;capinha;maquiagem;pilha;tinta;carregador;caneta2;caderno2;garfo2;creme2;esmalte2;capinha2;maquiagem2;pilha2;tinta2;carregador2;originalGrayDataset\IMG_5064_gray.png;augmentedDataset\contrast_stretching\IMG_5064_contrast.png;augmentedDataset\log\IMG_5064_log.png;augmentedDataset\exp\IMG_5064_exp.png;augmentedDataset\laplacian\IMG_5064_laplacian.png;augmentedDataset\mean\IMG_5064_mean.png
IMG_5065;Preto;Iluminacao2;caneta;caderno;garfo;creme;esmalte;capinha;maquiagem;pilha;tinta;carregador;caneta2;caderno2;garfo2;creme2;esmalte2;capinha2;maquiagem2;pilha2;tinta2;carregador2;originalGrayDataset\IMG_5065_gray.png;augmentedDataset\contrast_stretching\IMG_5065_contrast.png;augmentedDataset\log\IMG_5065_log.png;augmentedDataset\exp\IMG_5065_exp.png;augmentedDataset\laplacian\IMG_5065_laplacian.png;augmentedDataset\mean\IMG_5065_mean.png
IMG_5066;Preto;Iluminacao1;caneta;caderno;garfo;creme;esmalte;capinha;maquiagem;pilha;tinta;carregador;caneta2;caderno2;garfo2;creme2;esmalte2;capinha2;maquiagem2;pilha2;tinta2;carregador2;originalGrayDataset\IMG_5066_gray.png;augmentedDataset\contrast_stretching\IMG_5066_contrast.png;augmentedDataset\log\IMG_5066_log.png;augmentedDataset\exp\IMG_5066_exp.png;augmentedDataset\laplacian\IMG_5066_laplacian.png;augmentedDataset\mean\IMG_5066_mean.png
IMG_5067;Preto;Iluminacao1;caneta;caderno;garfo;creme;esmalte;capinha;maquiagem;pilha;tinta;carregador;caneta2;caderno2;garfo2;creme2;esmalte2;capinha2;maquiagem2;pilha2;tinta2;carregador2;originalGrayDataset\IMG_5067_gray.png;augmentedDataset\contrast_stretching\IMG_5067_contrast.png;augmentedDataset\log\IMG_5067_log.png;augmentedDataset\exp\IMG_5067_exp.png;augmentedDataset\laplacian\IMG_5067_laplacian.png;augmentedDataset\mean\IMG_5067_mean.png
IMG_5069;Preto;Iluminacao1;caneta;caderno;garfo;creme;esmalte;capinha;maquiagem;pilha;tinta;carregador;caneta2;caderno2;garfo2;creme2;esmalte2;capinha2;maquiagem2;pilha2;tinta2;carregador2;originalGrayDataset\IMG_5069_gray.png;augmentedDataset\contrast_stretching\IMG_5069_contrast.png;augmentedDataset\log\IMG_5069_log.png;augmentedDataset\exp\IMG_5069_exp.png;augmentedDataset\laplacian\IMG_5069_laplacian.png;augmentedDataset\mean\IMG_5069_mean.png
IMG_5070;Preto;Iluminacao3;caneta;caderno;garfo;creme;esmalte;capinha;maquiagem;pilha;tinta;carregador;caneta2;caderno2;garfo2;creme2;esmalte2;capinha2;maquiagem2;pilha2;tinta2;carregador2;originalGrayDataset\IMG_5070_gray.png;augmentedDataset\contrast_stretching\IMG_5070_contrast.png;augmentedDataset\log\IMG_5070_log.png;augmentedDataset\exp\IMG_5070_exp.png;augmentedDataset\laplacian\IMG_5070_laplacian.png;augmentedDataset\mean\IMG_5070_mean.png
IMG_5071;Preto;Iluminacao3;caneta;caderno;garfo;creme;esmalte;capinha;maquiagem;pilha;tinta;carregador;caneta2;caderno2;garfo2;creme2;esmalte2;capinha2;maquiagem2;pilha2;tinta2;carregador2;originalGrayDataset\IMG_5071_gray.png;augmentedDataset\contrast_stretching\IMG_5071_contrast.png;augmentedDataset\log\IMG_5071_log.png;augmentedDataset\exp\IMG_5071_exp.png;augmentedDataset\laplacian\IMG_5071_laplacian.png;augmentedDataset\mean\IMG_5071_mean.png
IMG_5072;Preto;Iluminacao3;caneta;caderno;garfo;creme;esmalte;capinha;maquiagem;pilha;tinta;carregador;caneta2;caderno2;garfo2;creme2;esmalte2;capinha2;maquiagem2;pilha2;tinta2;carregador2;originalGrayDataset\IMG_5072_gray.png;augmentedDataset\contrast_stretching\IMG_5072_contrast.png;augmentedDataset\log\IMG_5072_log.png;augmentedDataset\exp\IMG_5072_exp.png;augmentedDataset\laplacian\IMG_5072_laplacian.png;augmentedDataset\mean\IMG_5072_mean.png
IMG_5073;Preto;Iluminacao4;caneta;caderno;garfo;creme;esmalte;capinha;maquiagem;pilha;tinta;carregador;caneta2;caderno2;garfo2;creme2;esmalte2;capinha2;maquiagem2;pilha2;tinta2;carregador2;originalGrayDataset\IMG_5073_gray.png;augmentedDataset\contrast_stretching\IMG_5073_contrast.png;augmentedDataset\log\IMG_5073_log.png;augmentedDataset\exp\IMG_5073_exp.png;augmentedDataset\laplacian\IMG_5073_laplacian.png;augmentedDataset\mean\IMG_5073_mean.png
IMG_5074;Preto;Iluminacao4;caneta;caderno;garfo;creme;esmalte;capinha;maquiagem;pilha;tinta;carregador;caneta2;caderno2;garfo2;creme2;esmalte2;capinha2;maquiagem2;pilha2;tinta2;carregador2;originalGrayDataset\IMG_5074_gray.png;augmentedDataset\contrast_stretching\IMG_5074_contrast.png;augmentedDataset\log\IMG_5074_log.png;augmentedDataset\exp\IMG_5074_exp.png;augmentedDataset\laplacian\IMG_5074_laplacian.png;augmentedDataset\mean\IMG_5074_mean.png
IMG_5075;Preto;Iluminacao4;caneta;caderno;garfo;creme;esmalte;capinha;maquiagem;pilha;tinta;carregador;caneta2;caderno2;garfo2;creme2;esmalte2;capinha2;maquiagem2;pilha2;tinta2;carregador2;originalGrayDataset\IMG_5075_gray.png;augmentedDataset\contrast_stretching\IMG_5075_contrast.png;augmentedDataset\log\IMG_5075_log.png;augmentedDataset\exp\IMG_5075_exp.png;augmentedDataset\laplacian\IMG_5075_laplacian.png;augmentedDataset\mean\IMG_5075_mean.png
IMG_5076;Colorido;Iluminacao2;caneta;caderno;garfo;creme;esmalte;capinha;maquiagem;pilha;tinta;carregador;caneta2;caderno2;garfo2;creme2;esmalte2;capinha2;maquiagem2;pilha2;tinta2;carregador2;originalGrayDataset\IMG_5076_gray.png;augmentedDataset\contrast_stretching\IMG_5076_contrast.png;augmentedDataset\log\IMG_5076_log.png;augmentedDataset\exp\IMG_5076_exp.png;augmentedDataset\laplacian\IMG_5076_laplacian.png;augmentedDataset\mean\IMG_5076_mean.png
IMG_5077;Colorido;Iluminacao2;caneta;caderno;garfo;creme;esmalte;capinha;maquiagem;pilha;tinta;carregador;caneta2;caderno2;garfo2;creme2;esmalte2;capinha2;maquiagem2;pilha2;tinta2;carregador2;originalGrayDataset\IMG_5077_gray.png;augmentedDataset\contrast_stretching\IMG_5077_contrast.png;augmentedDataset\log\IMG_5077_log.png;augmentedDataset\exp\IMG_5077_exp.png;augmentedDataset\laplacian\IMG_5077_laplacian.png;augmentedDataset\mean\IMG_5077_mean.png
IMG_5078;Colorido;Iluminacao2;caneta;caderno;garfo;creme;esmalte;capinha;maquiagem;pilha;tinta;carregador;caneta2;caderno2;garfo2;creme2;esmalte2;capinha2;maquiagem2;pilha2;tinta2;carregador2;originalGrayDataset\IMG_5078_gray.png;augmentedDataset\contrast_stretching\IMG_5078_contrast.png;augmentedDataset\log\IMG_5078_log.png;augmentedDataset\exp\IMG_5078_exp.png;augmentedDataset\laplacian\IMG_5078_laplacian.png;augmentedDataset\mean\IMG_5078_mean.png
IMG_5079;Colorido;Iluminacao1;caneta;caderno;garfo;creme;esmalte;capinha;maquiagem;pilha;tinta;carregador;caneta2;caderno2;garfo2;creme2;esmalte2;capinha2;maquiagem2;pilha2;tinta2;carregador2;originalGrayDataset\IMG_5079_gray.png;augmentedDataset\contrast_stretching\IMG_5079_contrast.png;augmentedDataset\log\IMG_5079_log.png;augmentedDataset\exp\IMG_5079_exp.png;augmentedDataset\laplacian\IMG_5079_laplacian.png;augmentedDataset\mean\IMG_5079_mean.png
IMG_5080;Colorido;Iluminacao1;caneta;caderno;garfo;creme;esmalte;capinha;maquiagem;pilha;tinta;carregador;caneta2;caderno2;garfo2;creme2;esmalte2;capinha2;maquiagem2;pilha2;tinta2;carregador2;originalGrayDataset\IMG_5080_gray.png;augmentedDataset\contrast_stretching\IMG_5080_contrast.png;augmentedDataset\log\IMG_5080_log.png;augmentedDataset\exp\IMG_5080_exp.png;augmentedDataset\laplacian\IMG_5080_laplacian.png;augmentedDataset\mean\IMG_5080_mean.png
IMG_5081;Colorido;Iluminacao1;caneta;caderno;garfo;creme;esmalte;capinha;maquiagem;pilha;tinta;carregador;caneta2;caderno2;garfo2;creme2;esmalte2;capinha2;maquiagem2;pilha2;tinta2;carregador2;originalGrayDataset\IMG_5081_gray.png;augmentedDataset\contrast_stretching\IMG_5081_contrast.png;augmentedDataset\log\IMG_5081_log.png;augmentedDataset\exp\IMG_5081_exp.png;augmentedDataset\laplacian\IMG_5081_laplacian.png;augmentedDataset\mean\IMG_5081_mean.png
IMG_5082;Colorido;Iluminacao3;caneta;caderno;garfo;creme;esmalte;capinha;maquiagem;pilha;tinta;carregador;caneta2;caderno2;garfo2;creme2;esmalte2;capinha2;maquiagem2;pilha2;tinta2;carregador2;originalGrayDataset\IMG_5082_gray.png;augmentedDataset\contrast_stretching\IMG_5082_contrast.png;augmentedDataset\log\IMG_5082_log.png;augmentedDataset\exp\IMG_5082_exp.png;augmentedDataset\laplacian\IMG_5082_laplacian.png;augmentedDataset\mean\IMG_5082_mean.png
IMG_5083;Colorido;Iluminacao3;caneta;caderno;garfo;creme;esmalte;capinha;maquiagem;pilha;tinta;carregador;caneta2;caderno2;garfo2;creme2;esmalte2;capinha2;maquiagem2;pilha2;tinta2;carregador2;originalGrayDataset\IMG_5083_gray.png;augmentedDataset\contrast_stretching\IMG_5083_contrast.png;augmentedDataset\log\IMG_5083_log.png;augmentedDataset\exp\IMG_5083_exp.png;augmentedDataset\laplacian\IMG_5083_laplacian.png;augmentedDataset\mean\IMG_5083_mean.png
IMG_5084;Colorido;Iluminacao3;caneta;caderno;garfo;creme;esmalte;capinha;maquiagem;pilha;tinta;carregador;caneta2;caderno2;garfo2;creme2;esmalte2;capinha2;maquiagem2;pilha2;tinta2;carregador2;originalGrayDataset\IMG_5084_gray.png;augmentedDataset\contrast_stretching\IMG_5084_contrast.png;augmentedDataset\log\IMG_5084_log.png;augmentedDataset\exp\IMG_5084_exp.png;augmentedDataset\laplacian\IMG_5084_laplacian.png;augmentedDataset\mean\IMG_5084_mean.png
IMG_5086;Colorido;Iluminacao4;caneta;caderno;garfo;creme;esmalte;capinha;maquiagem;pilha;tinta;carregador;caneta2;caderno2;garfo2;creme2;esmalte2;capinha2;maquiagem2;pilha2;tinta2;carregador2;originalGrayDataset\IMG_5086_gray.png;augmentedDataset\contrast_stretching\IMG_5086_contrast.png;augmentedDataset\log\IMG_5086_log.png;augmentedDataset\exp\IMG_5086_exp.png;augmentedDataset\laplacian\IMG_5086_laplacian.png;augmentedDataset\mean\IMG_5086_mean.png
IMG_5087;Colorido;Iluminacao4;caneta;caderno;garfo;creme;esmalte;capinha;maquiagem;pilha;tinta;carregador;caneta2;caderno2;garfo2;creme2;esmalte2;capinha2;maquiagem2;pilha2;tinta2;carregador2;originalGrayDataset\IMG_5087_gray.png;augmentedDataset\contrast_stretching\IMG_5087_contrast.png;augmentedDataset\log\IMG_5087_log.png;augmentedDataset\exp\IMG_5087_exp.png;augmentedDataset\laplacian\IMG_5087_laplacian.png;augmentedDataset\mean\IMG_5087_mean.png
IMG_5089;Colorido;Iluminacao4;caneta;caderno;garfo;creme;esmalte;capinha;maquiagem;pilha;tinta;carregador;caneta2;caderno2;garfo2;creme2;esmalte2;capinha2;maquiagem2;pilha2;tinta2;carregador2;originalGrayDataset\IMG_5089_gray.png;augmentedDataset\contrast_stretching\IMG_5089_contrast.png;augmentedDataset\log\IMG_5089_log.png;augmentedDataset\exp\IMG_5089_exp.png;augmentedDataset\laplacian\IMG_5089_laplacian.png;augmentedDataset\mean\IMG_5089_mean.png
IMG_5090;Preto;Iluminacao2;caneta;caderno;garfo;creme;esmalte;capinha;maquiagem;pilha;tinta;carregador;caneta3;caderno3;garfo3;creme3;esmalte3;capinha3;maquiagem3;pilha3;tinta3;carregador3;originalGrayDataset\IMG_5090_gray.png;augmentedDataset\contrast_stretching\IMG_5090_contrast.png;augmentedDataset\log\IMG_5090_log.png;augmentedDataset\exp\IMG_5090_exp.png;augmentedDataset\laplacian\IMG_5090_laplacian.png;augmentedDataset\mean\IMG_5090_mean.png
IMG_5091;Preto;Iluminacao2;caneta;caderno;garfo;creme;esmalte;capinha;maquiagem;pilha;tinta;carregador;caneta3;caderno3;garfo3;creme3;esmalte3;capinha3;maquiagem3;pilha3;tinta3;carregador3;originalGrayDataset\IMG_5091_gray.png;augmentedDataset\contrast_stretching\IMG_5091_contrast.png;augmentedDataset\log\IMG_5091_log.png;augmentedDataset\exp\IMG_5091_exp.png;augmentedDataset\laplacian\IMG_5091_laplacian.png;augmentedDataset\mean\IMG_5091_mean.png
IMG_5092;Preto;Iluminacao2;caneta;caderno;garfo;creme;esmalte;capinha;maquiagem;pilha;tinta;carregador;caneta3;caderno3;garfo3;creme3;esmalte3;capinha3;maquiagem3;pilha3;tinta3;carregador3;originalGrayDataset\IMG_5092_gray.png;augmentedDataset\contrast_stretching\IMG_5092_contrast.png;augmentedDataset\log\IMG_5092_log.png;augmentedDataset\exp\IMG_5092_exp.png;augmentedDataset\laplacian\IMG_5092_laplacian.png;augmentedDataset\mean\IMG_5092_mean.png
IMG_5093;Preto;Iluminacao1;caneta;caderno;garfo;creme;esmalte;capinha;maquiagem;pilha;tinta;carregador;caneta3;caderno3;garfo3;creme3;esmalte3;capinha3;maquiagem3;pilha3;tinta3;carregador3;originalGrayDataset\IMG_5093_gray.png;augmentedDataset\contrast_stretching\IMG_5093_contrast.png;augmentedDataset\log\IMG_5093_log.png;augmentedDataset\exp\IMG_5093_exp.png;augmentedDataset\laplacian\IMG_5093_laplacian.png;augmentedDataset\mean\IMG_5093_mean.png
IMG_5094;Preto;Iluminacao1;caneta;caderno;garfo;creme;esmalte;capinha;maquiagem;pilha;tinta;carregador;caneta3;caderno3;garfo3;creme3;esmalte3;capinha3;maquiagem3;pilha3;tinta3;carregador3;originalGrayDataset\IMG_5094_gray.png;augmentedDataset\contrast_stretching\IMG_5094_contrast.png;augmentedDataset\log\IMG_5094_log.png;augmentedDataset\exp\IMG_5094_exp.png;augmentedDataset\laplacian\IMG_5094_laplacian.png;augmentedDataset\mean\IMG_5094_mean.png
IMG_5095;Preto;Iluminacao1;caneta;caderno;garfo;creme;esmalte;capinha;maquiagem;pilha;tinta;carregador;caneta3;caderno3;garfo3;creme3;esmalte3;capinha3;maquiagem3;pilha3;tinta3;carregador3;originalGrayDataset\IMG_5095_gray.png;augmentedDataset\contrast_stretching\IMG_5095_contrast.png;augmentedDataset\log\IMG_5095_log.png;augmentedDataset\exp\IMG_5095_exp.png;augmentedDataset\laplacian\IMG_5095_laplacian.png;augmentedDataset\mean\IMG_5095_mean.png
IMG_5096;Preto;Iluminacao3;caneta;caderno;garfo;creme;esmalte;capinha;maquiagem;pilha;tinta;carregador;caneta3;caderno3;garfo3;creme3;esmalte3;capinha3;maquiagem3;pilha3;tinta3;carregador3;originalGrayDataset\IMG_5096_gray.png;augmentedDataset\contrast_stretching\IMG_5096_contrast.png;augmentedDataset\log\IMG_5096_log.png;augmentedDataset\exp\IMG_5096_exp.png;augmentedDataset\laplacian\IMG_5096_laplacian.png;augmentedDataset\mean\IMG_5096_mean.png
IMG_5097;Preto;Iluminacao3;caneta;caderno;garfo;creme;esmalte;capinha;maquiagem;pilha;tinta;carregador;caneta3;caderno3;garfo3;creme3;esmalte3;capinha3;maquiagem3;pilha3;tinta3;carregador3;originalGrayDataset\IMG_5097_gray.png;augmentedDataset\contrast_stretching\IMG_5097_contrast.png;augmentedDataset\log\IMG_5097_log.png;augmentedDataset\exp\IMG_5097_exp.png;augmentedDataset\laplacian\IMG_5097_laplacian.png;augmentedDataset\mean\IMG_5097_mean.png
IMG_5098;Preto;Iluminacao3;caneta;caderno;garfo;creme;esmalte;capinha;maquiagem;pilha;tinta;carregador;caneta3;caderno3;garfo3;creme3;esmalte3;capinha3;maquiagem3;pilha3;tinta3;carregador3;originalGrayDataset\IMG_5098_gray.png;augmentedDataset\contrast_stretching\IMG_5098_contrast.png;augmentedDataset\log\IMG_5098_log.png;augmentedDataset\exp\IMG_5098_exp.png;augmentedDataset\laplacian\IMG_5098_laplacian.png;augmentedDataset\mean\IMG_5098_mean.png
IMG_5099;Preto;Iluminacao4;caneta;caderno;garfo;creme;esmalte;capinha;maquiagem;pilha;tinta;carregador;caneta3;caderno3;garfo3;creme3;esmalte3;capinha3;maquiagem3;pilha3;tinta3;carregador3;originalGrayDataset\IMG_5099_gray.png;augmentedDataset\contrast_stretching\IMG_5099_contrast.png;augmentedDataset\log\IMG_5099_log.png;augmentedDataset\exp\IMG_5099_exp.png;augmentedDataset\laplacian\IMG_5099_laplacian.png;augmentedDataset\mean\IMG_5099_mean.png
IMG_5100;Preto;Iluminacao4;caneta;caderno;garfo;creme;esmalte;capinha;maquiagem;pilha;tinta;carregador;caneta3;caderno3;garfo3;creme3;esmalte3;capinha3;maquiagem3;pilha3;tinta3;carregador3;originalGrayDataset\IMG_5100_gray.png;augmentedDataset\contrast_stretching\IMG_5100_contrast.png;augmentedDataset\log\IMG_5100_log.png;augmentedDataset\exp\IMG_5100_exp.png;augmentedDataset\laplacian\IMG_5100_laplacian.png;augmentedDataset\mean\IMG_5100_mean.png
IMG_5101;Preto;Iluminacao4;caneta;caderno;garfo;creme;esmalte;capinha;maquiagem;pilha;tinta;carregador;caneta3;caderno3;garfo3;creme3;esmalte3;capinha3;maquiagem3;pilha3;tinta3;carregador3;originalGrayDataset\IMG_5101_gray.png;augmentedDataset\contrast_stretching\IMG_5101_contrast.png;augmentedDataset\log\IMG_5101_log.png;augmentedDataset\exp\IMG_5101_exp.png;augmentedDataset\laplacian\IMG_5101_laplacian.png;augmentedDataset\mean\IMG_5101_mean.png
IMG_5103;Colorido;Iluminacao2;caneta;caderno;garfo;creme;esmalte;capinha;maquiagem;pilha;tinta;carregador;caneta3;caderno3;garfo3;creme3;esmalte3;capinha3;maquiagem3;pilha3;tinta3;carregador3;originalGrayDataset\IMG_5103_gray.png;augmentedDataset\contrast_stretching\IMG_5103_contrast.png;augmentedDataset\log\IMG_5103_log.png;augmentedDataset\exp\IMG_5103_exp.png;augmentedDataset\laplacian\IMG_5103_laplacian.png;augmentedDataset\mean\IMG_5103_mean.png
IMG_5104;Colorido;Iluminacao2;caneta;caderno;garfo;creme;esmalte;capinha;maquiagem;pilha;tinta;carregador;caneta3;caderno3;garfo3;creme3;esmalte3;capinha3;maquiagem3;pilha3;tinta3;carregador3;originalGrayDataset\IMG_5104_gray.png;augmentedDataset\contrast_stretching\IMG_5104_contrast.png;augmentedDataset\log\IMG_5104_log.png;augmentedDataset\exp\IMG_5104_exp.png;augmentedDataset\laplacian\IMG_5104_laplacian.png;augmentedDataset\mean\IMG_5104_mean.png
IMG_5105;Colorido;Iluminacao2;caneta;caderno;garfo;creme;esmalte;capinha;maquiagem;pilha;tinta;carregador;caneta3;caderno3;garfo3;creme3;esmalte3;capinha3;maquiagem3;pilha3;tinta3;carregador3;originalGrayDataset\IMG_5105_gray.png;augmentedDataset\contrast_stretching\IMG_5105_contrast.png;augmentedDataset\log\IMG_5105_log.png;augmentedDataset\exp\IMG_5105_exp.png;augmentedDataset\laplacian\IMG_5105_laplacian.png;augmentedDataset\mean\IMG_5105_mean.png
IMG_5106;Colorido;Iluminacao3;caneta;caderno;garfo;creme;esmalte;capinha;maquiagem;pilha;tinta;carregador;caneta3;caderno3;garfo3;creme3;esmalte3;capinha3;maquiagem3;pilha3;tinta3;carregador3;originalGrayDataset\IMG_5106_gray.png;augmentedDataset\contrast_stretching\IMG_5106_contrast.png;augmentedDataset\log\IMG_5106_log.png;augmentedDataset\exp\IMG_5106_exp.png;augmentedDataset\laplacian\IMG_5106_laplacian.png;augmentedDataset\mean\IMG_5106_mean.png
IMG_5107;Colorido;Iluminacao3;caneta;caderno;garfo;creme;esmalte;capinha;maquiagem;pilha;tinta;carregador;caneta3;caderno3;garfo3;creme3;esmalte3;capinha3;maquiagem3;pilha3;tinta3;carregador3;originalGrayDataset\IMG_5107_gray.png;augmentedDataset\contrast_stretching\IMG_5107_contrast.png;augmentedDataset\log\IMG_5107_log.png;augmentedDataset\exp\IMG_5107_exp.png;augmentedDataset\laplacian\IMG_5107_laplacian.png;augmentedDataset\mean\IMG_5107_mean.png
IMG_5108;Colorido;Iluminacao3;caneta;caderno;garfo;creme;esmalte;capinha;maquiagem;pilha;tinta;carregador;caneta3;caderno3;garfo3;creme3;esmalte3;capinha3;maquiagem3;pilha3;tinta3;carregador3;originalGrayDataset\IMG_5108_gray.png;augmentedDataset\contrast_stretching\IMG_5108_contrast.png;augmentedDataset\log\IMG_5108_log.png;augmentedDataset\exp\IMG_5108_exp.png;augmentedDataset\laplacian\IMG_5108_laplacian.png;augmentedDataset\mean\IMG_5108_mean.png
IMG_5109;Colorido;Iluminacao4;caneta;caderno;garfo;creme;esmalte;capinha;maquiagem;pilha;tinta;carregador;caneta3;caderno3;garfo3;creme3;esmalte3;capinha3;maquiagem3;pilha3;tinta3;carregador3;originalGrayDataset\IMG_5109_gray.png;augmentedDataset\contrast_stretching\IMG_5109_contrast.png;augmentedDataset\log\IMG_5109_log.png;augmentedDataset\exp\IMG_5109_exp.png;augmentedDataset\laplacian\IMG_5109_laplacian.png;augmentedDataset\mean\IMG_5109_mean.png
IMG_5110;Colorido;Iluminacao4;caneta;caderno;garfo;creme;esmalte;capinha;maquiagem;pilha;tinta;carregador;caneta3;caderno3;garfo3;creme3;esmalte3;capinha3;maquiagem3;pilha3;tinta3;carregador3;originalGrayDataset\IMG_5110_gray.png;augmentedDataset\contrast_stretching\IMG_5110_contrast.png;augmentedDataset\log\IMG_5110_log.png;augmentedDataset\exp\IMG_5110_exp.png;augmentedDataset\laplacian\IMG_5110_laplacian.png;augmentedDataset\mean\IMG_5110_mean.png
IMG_5111;Colorido;Iluminacao4;caneta;caderno;garfo;creme;esmalte;capinha;maquiagem;pilha;tinta;carregador;caneta3;caderno3;garfo3;creme3;esmalte3;capinha3;maquiagem3;pilha3;tinta3;carregador3;originalGrayDataset\IMG_5111_gray.png;augmentedDataset\contrast_stretching\IMG_5111_contrast.png;augmentedDataset\log\IMG_5111_log.png;augmentedDataset\exp\IMG_5111_exp.png;augmentedDataset\laplacian\IMG_5111_laplacian.png;augmentedDataset\mean\IMG_5111_mean.png
IMG_5112;Branco;Iluminacao2;caneta;caderno;garfo;creme;esmalte;capinha;maquiagem;pilha;tinta;carregador;caneta3;caderno3;garfo3;creme3;esmalte3;capinha3;maquiagem3;pilha3;tinta3;carregador3;originalGrayDataset\IMG_5112_gray.png;augmentedDataset\contrast_stretching\IMG_5112_contrast.png;augmentedDataset\log\IMG_5112_log.png;augmentedDataset\exp\IMG_5112_exp.png;augmentedDataset\laplacian\IMG_5112_laplacian.png;augmentedDataset\mean\IMG_5112_mean.png
IMG_5113;Branco;Iluminacao2;caneta;caderno;garfo;creme;esmalte;capinha;maquiagem;pilha;tinta;carregador;caneta3;caderno3;garfo3;creme3;esmalte3;capinha3;maquiagem3;pilha3;tinta3;carregador3;originalGrayDataset\IMG_5113_gray.png;augmentedDataset\contrast_stretching\IMG_5113_contrast.png;augmentedDataset\log\IMG_5113_log.png;augmentedDataset\exp\IMG_5113_exp.png;augmentedDataset\laplacian\IMG_5113_laplacian.png;augmentedDataset\mean\IMG_5113_mean.png
IMG_5114;Branco;Iluminacao2;caneta;caderno;garfo;creme;esmalte;capinha;maquiagem;pilha;tinta;carregador;caneta3;caderno3;garfo3;creme3;esmalte3;capinha3;maquiagem3;pilha3;tinta3;carregador3;originalGrayDataset\IMG_5114_gray.png;augmentedDataset\contrast_stretching\IMG_5114_contrast.png;augmentedDataset\log\IMG_5114_log.png;augmentedDataset\exp\IMG_5114_exp.png;augmentedDataset\laplacian\IMG_5114_laplacian.png;augmentedDataset\mean\IMG_5114_mean.png
IMG_5115;Branco;Iluminacao1;caneta;caderno;garfo;creme;esmalte;capinha;maquiagem;pilha;tinta;carregador;caneta3;caderno3;garfo3;creme3;esmalte3;capinha3;maquiagem3;pilha3;tinta3;carregador3;originalGrayDataset\IMG_5115_gray.png;augmentedDataset\contrast_stretching\IMG_5115_contrast.png;augmentedDataset\log\IMG_5115_log.png;augmentedDataset\exp\IMG_5115_exp.png;augmentedDataset\laplacian\IMG_5115_laplacian.png;augmentedDataset\mean\IMG_5115_mean.png
IMG_5116;Branco;Iluminacao1;caneta;caderno;garfo;creme;esmalte;capinha;maquiagem;pilha;tinta;carregador;caneta3;caderno3;garfo3;creme3;esmalte3;capinha3;maquiagem3;pilha3;tinta3;carregador3;originalGrayDataset\IMG_5116_gray.png;augmentedDataset\contrast_stretching\IMG_5116_contrast.png;augmentedDataset\log\IMG_5116_log.png;augmentedDataset\exp\IMG_5116_exp.png;augmentedDataset\laplacian\IMG_5116_laplacian.png;augmentedDataset\mean\IMG_5116_mean.png
IMG_5117;Branco;Iluminacao1;caneta;caderno;garfo;creme;esmalte;capinha;maquiagem;pilha;tinta;carregador;caneta3;caderno3;garfo3;creme3;esmalte3;capinha3;maquiagem3;pilha3;tinta3;carregador3;originalGrayDataset\IMG_5117_gray.png;augmentedDataset\contrast_stretching\IMG_5117_contrast.png;augmentedDataset\log\IMG_5117_log.png;augmentedDataset\exp\IMG_5117_exp.png;augmentedDataset\laplacian\IMG_5117_laplacian.png;augmentedDataset\mean\IMG_5117_mean.png
IMG_5118;Branco;Iluminacao3;caneta;caderno;garfo;creme;esmalte;capinha;maquiagem;pilha;tinta;carregador;caneta3;caderno3;garfo3;creme3;esmalte3;capinha3;maquiagem3;pilha3;tinta3;carregador3;originalGrayDataset\IMG_5118_gray.png;augmentedDataset\contrast_stretching\IMG_5118_contrast.png;augmentedDataset\log\IMG_5118_log.png;augmentedDataset\exp\IMG_5118_exp.png;augmentedDataset\laplacian\IMG_5118_laplacian.png;augmentedDataset\mean\IMG_5118_mean.png
IMG_5119;Branco;Iluminacao3;caneta;caderno;garfo;creme;esmalte;capinha;maquiagem;pilha;tinta;carregador;caneta3;caderno3;garfo3;creme3;esmalte3;capinha3;maquiagem3;pilha3;tinta3;carregador3;originalGrayDataset\IMG_5119_gray.png;augmentedDataset\contrast_stretching\IMG_5119_contrast.png;augmentedDataset\log\IMG_5119_log.png;augmentedDataset\exp\IMG_5119_exp.png;augmentedDataset\laplacian\IMG_5119_laplacian.png;augmentedDataset\mean\IMG_5119_mean.png
IMG_5120;Branco;Iluminacao3;caneta;caderno;garfo;creme;esmalte;capinha;maquiagem;pilha;tinta;carregador;caneta3;caderno3;garfo3;creme3;esmalte3;capinha3;maquiagem3;pilha3;tinta3;carregador3;originalGrayDataset\IMG_5120_gray.png;augmentedDataset\contrast_stretching\IMG_5120_contrast.png;augmentedDataset\log\IMG_5120_log.png;augmentedDataset\exp\IMG_5120_exp.png;augmentedDataset\laplacian\IMG_5120_laplacian.png;augmentedDataset\mean\IMG_5120_mean.png
IMG_5121;Branco;Iluminacao4;caneta;caderno;garfo;creme;esmalte;capinha;maquiagem;pilha;tinta;carregador;caneta3;caderno3;garfo3;creme3;esmalte3;capinha3;maquiagem3;pilha3;tinta3;carregador3;originalGrayDataset\IMG_5121_gray.png;augmentedDataset\contrast_stretching\IMG_5121_contrast.png;augmentedDataset\log\IMG_5121_log.png;augmentedDataset\exp\IMG_5121_exp.png;augmentedDataset\laplacian\IMG_5121_laplacian.png;augmentedDataset\mean\IMG_5121_mean.png
IMG_5122;Branco;Iluminacao4;caneta;caderno;garfo;creme;esmalte;capinha;maquiagem;pilha;tinta;carregador;caneta3;caderno3;garfo3;creme3;esmalte3;capinha3;maquiagem3;pilha3;tinta3;carregador3;originalGrayDataset\IMG_5122_gray.png;augmentedDataset\contrast_stretching\IMG_5122_contrast.png;augmentedDataset\log\IMG_5122_log.png;augmentedDataset\exp\IMG_5122_exp.png;augmentedDataset\laplacian\IMG_5122_laplacian.png;augmentedDataset\mean\IMG_5122_mean.png
IMG_5123;Branco;Iluminacao4;caneta;caderno;garfo;creme;esmalte;capinha;maquiagem;pilha;tinta;carregador;caneta3;caderno3;garfo3;creme3;esmalte3;capinha3;maquiagem3;pilha3;tinta3;carregador3;originalGrayDataset\IMG_5123_gray.png;augmentedDataset\contrast_stretching\IMG_5123_contrast.png;augmentedDataset\log\IMG_5123_log.png;augmentedDataset\exp\IMG_5123_exp.png;augmentedDataset\laplacian\IMG_5123_laplacian.png;augmentedDataset\mean\IMG_5123_mean.png
